chr,start,end,strand,protein_name,seq
chr7,98881815,98881850,+,AARS,ACTGGTTGTAGGGAACTAGCTATGTGCCTTCTATT
chr7,98881757,98881792,+,AARS,TGTGTGTATATGCTTGTCAGTGCATGCACGTGTAT
chr7,77537503,77537574,+,AARS,GCGGCGGGGGGGCCAGCGACCGCAGCCGGGGGGACGCGGGAGGATGGAGCAAGTGGAGATCCTGAGGAAAT
chr7,139409602,139409655,+,AARS,GGCTGAAACGAAGAGAAGAGAGAGAGAGAGAAGAAAGGGAGAAGCTGAGGAGG
chr7,100884403,100884485,+,AARS,TTCGCATCCTGGAGCAGGAGGAGGAGGAGGAGCAGGCAGGAAAGCCTGGGGAGCCCAGCAAGAAAGAAGAAGGACGGGCTGG
chr7,151089904,151089955,+,AARS,AGCCAAGCGGATACAGCCAGGGAGAGTATAGGCCTTCAACAGGAGCCCGCT
chr7,139412547,139412582,+,AARS,TAGGTCCCGATCACACAGCAAGAATCCAAAAAGGT
chr7,128794511,128794597,+,AARS,CTGCGGGCTCAGGTGCTGCAGCTGGTGGCAGAACTGGAGGAGACCCGGGAACTGGCAGGGCAGCATGAGGATGACTCCTTGGAGCT
chr7,151144098,151144180,+,AARS,GAGAGTTGGGGATTTGAGCTGCAGCAGAGAGGGATGAGGGATTTAGCCCTCTGCCCTAAGGTGCCATTGAAAAGGGACAGGA
chr7,74568835,74568904,+,AARS,CTGGAAGGAGGGAAGGAGATGGCCAGAGAAGGATGTGGGACACAGAGGTGCCGCCATGGATCACCAAGA
chr7,99364989,99365037,+,AARS,GCGATGGGTTTTGGAGGGAGGGACTGTGAGTTGAGAAGACACAGGCGA
chr7,158871450,158871499,+,AARS,AGAAGGGCCCGGAAGGAAGAGCTCCGGCAGACCGTGGCCCACCACAACC
chr7,105014418,105014509,+,AARS,GGTCCTGTGTCCGCAGTGGCTGCTGTCGGGGGGTCGCCTGTTCGCGGAGGTGCGGAGAGACTCCTTGGGGGTCGAGCACATAACGGGGTTC
chr7,99455908,99455973,+,AARS,TCCCCAGCAGTGGCTCCCCAAGGGAGGGGAGGCTGGGACACTTCTGATGCTGTTCCCTCCCATCT
chr7,102254792,102254824,+,AARS,TCAGCGTGTACTGAATGCCAGTCTGGCCGGCA
chr7,75982221,75982287,+,AARS,AGCATTCGCCAGTACGAGCTTGTGGTCCACACCGACATAGATGCGGCCAAGGTGTACATGGGGGAG
chr7,91992956,91993047,+,AARS,ATGGAAAGTGAGTTGGCTGGGAAGCAGCATGAGATTGAAGAGCTAAACAGAGAGCTGGAAGAAATGAGGGTTACCTATGGGACTGAAGGAC
chr7,2364368,2364435,+,AARS,CAGAGATGGACAGAGACGTATGTGCGTTGGTCTCCTAAGGGCACCTACCTGGCTACCTTTCATCAAA
chr7,2379390,2379437,+,AARS,CAGGGGTGGACACTGACGAGCTGGACAGCAACGTGGACGACTGGGAA
